category,orders_containing_category,sales_brl,sales_rank
beleza_saude,8647,1233131.72,1
relogios_presentes,5495,1166176.98,2
cama_mesa_banho,9272,1023434.76,3
esporte_lazer,7530,954852.55,4
informatica_acessorios,6530,888724.61,5
moveis_decoracao,6307,711927.69,6
utilidades_domesticas,5743,615628.69,7
cool_stuff,3559,610204.1,8
automotivo,3810,578966.65,9
brinquedos,3804,471286.48,10
ferramentas_jardim,3448,470495.28,11
bebes,2809,400421.84,12
perfumaria,3086,390144.65,13
telefonia,4093,309860.23,14
moveis_escritorio,1254,268154.31,15
papelaria,2264,223788.69,16
pcs,177,218684.14,17
pet_shop,1688,211695.64,18
instrumentos_musicais,611,184315.74,19
eletroportateis,609,182754.12,20
Unknown,1392,170726.63,21
eletronicos,2517,155043.93,22
fashion_bolsas_e_acessorios,1820,149329.39,23
consoles_games,1018,148003.37,24
construcao_ferramentas_construcao,736,142108.49,25
malas_acessorios,1019,138701.63,26
eletrodomesticos_2,227,107953.95,27
casa_construcao,483,81407.57,28
eletrodomesticos,747,78832.48,29
agro_industria_e_comercio,177,70566.1,30
moveis_sala,414,67350.7,31
casa_conforto,392,58008.45,32
telefonia_fixa,212,55315.21,33
climatizacao,246,53323.56,34
audio,348,50570.6,35
portateis_casa_forno_e_cafe,72,46589.56,36
moveis_cozinha_area_de_servico_jantar_e_jardim,241,45531.98,37
livros_interesse_geral,496,45302.15,38
construcao_ferramentas_iluminacao,242,39957.0,39
construcao_ferramentas_seguranca,159,38773.22,40
industria_comercio_e_negocios,232,38498.81,41
alimentos,441,28731.15,42
market_place,274,27795.77,43
construcao_ferramentas_jardim,190,25096.28,44
artes,195,23657.3,45
fashion_calcados,235,23001.46,46
bebidas,287,21529.84,47
sinalizacao_e_seguranca,138,21315.05,48
moveis_quarto,90,19051.8,49
livros_tecnicos,256,18702.23,50
construcao_ferramentas_ferramentas,97,15903.95,51
alimentos_bebidas,221,14942.88,52
fashion_roupa_masculina,106,10452.33,53
fashion_underwear_e_moda_praia,117,9305.95,54
artigos_de_natal,125,8737.84,55
tablets_impressao_imagem,79,7528.41,56
cine_foto,63,6674.47,57
musica,38,6034.35,58
dvds_blu_ray,56,4542.59,59
artigos_de_festas,38,4465.19,60
livros_importados,50,4418.86,61
moveis_colchao_e_estofado,37,4323.38,62
portateis_cozinha_e_preparadores_de_alimentos,13,3933.63,63
fashion_roupa_feminina,36,2634.94,64
fashion_esporte,26,2094.52,65
la_cuisine,13,2054.99,66
artes_e_artesanato,23,1814.01,67
fraldas_higiene,25,1500.79,68
pc_gamer,7,1306.95,69
flores,29,1110.04,70
casa_conforto_2,24,760.27,71
cds_dvds_musicais,12,730.0,72
fashion_roupa_infanto_juvenil,7,519.95,73
seguros_e_servicos,2,283.29,74
