state,eligible_delivered_orders,late_orders,late_delivery_pct,reviewed_late_orders,late_review_score,reviewed_on_time_orders,on_time_review_score
AL,397,85,21.41,82,2.13,312,4.3
MA,717,125,17.43,122,2.18,590,4.18
SE,335,51,15.22,50,1.94,284,4.25
PI,476,66,13.87,65,2.26,406,4.27
CE,1279,176,13.76,174,2.04,1099,4.24
RR,41,5,12.2,5,1.8,36,4.19
BA,3256,396,12.16,384,2.36,2845,4.14
RJ,12350,1495,12.11,1456,1.91,10755,4.24
PA,946,106,11.21,100,1.92,833,4.15
ES,1995,214,10.73,205,2.51,1764,4.26
PB,517,54,10.44,52,2.37,460,4.27
TO,274,27,9.85,27,2.81,246,4.3
MS,701,68,9.7,68,2.29,631,4.36
PE,1593,153,9.6,149,2.03,1430,4.3
RN,474,44,9.28,43,1.77,428,4.39
SC,3546,291,8.21,284,2.35,3235,4.29
GO,1957,128,6.54,124,2.21,1822,4.23
RS,5344,325,6.08,321,2.21,5005,4.31
MT,886,53,5.98,51,2.47,828,4.25
DF,2080,118,5.67,118,1.97,1952,4.26
MG,11354,519,4.57,505,2.36,10780,4.28
SP,40494,1820,4.49,1786,2.55,38480,4.33
PR,4923,199,4.04,194,2.68,4706,4.3
AC,80,3,3.75,3,1.67,77,4.18
AP,67,2,2.99,2,4.5,64,4.23
RO,243,7,2.88,7,2.57,235,4.21
AM,145,4,2.76,4,2.0,140,4.31
